id,nombre,tipo,costo_madera,costo_piedra,costo_comida,costo_medicina,costo_ap,efecto,descripcion,cantidad_mazo
H01,Barricada de Madera,Defensa,2,0,0,0,1,Absorbe 3 de dano de hordas o ataques directos,Estructura defensiva basica para perimetro,6
H02,Muro de Piedra Macizo,Defensa,1,2,0,0,2,Absorbe 6 de dano de asedio zombi,Fortificacion pesada contra ataques masivos,4
H03,Refuerzo de Alambre,Defensa,1,0,0,0,1,+1 a las tiradas de dados de defensa este turno,Obstaculo rapido que ralentiza el avance,4
H04,Puesto de Vigia,Defensa,1,1,0,0,1,Evita emboscadas y reduce en 1 el dano sorpresa,Torre de observacion perimetral,3
H05,Disparo Coordinado,Ataque,1,0,0,0,1,Reduce en 2 el tamano de una horda entrante,Fuego defensivo con municion limitada,5
H06,Trampa de Fuego,Ataque,1,1,0,0,2,Elimina 4 puntos de fuerza de una horda enemiga,Artefacto incendiario de alta letalidad,3
H07,Contrataque Desesperado,Ataque,0,0,1,0,1,Tira 1 D6: en 3+ anula el ataque del Overlord este turno,Salida arriesgada fuera del muro,3
H08,Saqueo Nocturno,Robo,0,0,0,0,2,Roba 2 recursos al azar de un asentamiento rival,Incursion sigilosa en territorio aliado,4
H09,Infiltracion Silenciosa,Robo,0,0,0,0,1,Roba 1 carta de recursos de la mano de otro jugador,Hurto puntual de provisiones criticas,4
H10,Desvio de Horda,Robo,1,0,0,0,2,Redirige el proximo ataque del Overlord hacia otra faccion,Traicion tactica para salvar el pellejo,3
H11,Expedicion de Suministros,Recursos,0,0,1,0,1,Roba 3 cartas del mazo central de recursos,Busqueda en ruinas de la ciudad,6
H12,Racionamiento Medico,Recursos,0,0,0,1,1,Cura 2 HP a la faccion o elimina 1 estado de Infeccion,Uso eficiente de botiquines y antibioticos,4
H13,Almacen de Reserva,Recursos,2,1,0,0,2,Otorga +1 Comida y +1 Madera de inmediato,Gestion logistica dentro del refugio,3
H14,Huerto Hidroponico,Recursos,2,0,1,0,2,Genera 1 Comida al inicio de cada ronda por 3 turnos,Produccion sustentable de alimentos,3
